"Year","Sex","AgeGroup","Cancer","Deaths"
2011,1,1,14,14
2011,1,2,14,5
2011,1,5,14,12
2011,1,6,14,17
2011,1,8,14,6
2011,1,10,14,18
2011,1,11,14,13
2011,1,12,14,34
2011,1,13,14,39
2011,1,14,14,57
2011,1,15,14,34
2011,1,16,14,77
2011,1,17,14,65
2011,1,18,14,45
2011,2,1,14,11
2011,2,2,14,17
2011,2,4,14,16
2011,2,6,14,11
2011,2,8,14,1
2011,2,9,14,2
2011,2,11,14,13
2011,2,12,14,22
2011,2,13,14,8
2011,2,14,14,12
2011,2,15,14,26
2011,2,16,14,50
2011,2,17,14,49
2011,2,18,14,89
2011,3,1,14,9
2011,3,4,14,11
2011,3,5,14,17
2011,3,6,14,2
2011,3,7,14,2
2011,3,9,14,6
2011,3,10,14,13
2011,3,11,14,32
2011,3,12,14,34
2011,3,13,14,53
2011,3,14,14,93
2011,3,15,14,83
2011,3,16,14,121
2011,3,17,14,120
2011,3,18,14,167
2012,1,1,14,1
2012,1,2,14,2
2012,1,6,14,10
2012,1,8,14,14
2012,1,9,14,13
2012,1,11,14,28
2012,1,12,14,15
2012,1,13,14,39
2012,1,14,14,34
2012,1,15,14,50
2012,1,16,14,69
2012,1,17,14,59
2012,1,18,14,46
2012,2,1,14,4
2012,2,4,14,10
2012,2,6,14,11
2012,2,10,14,11
2012,2,11,14,11
2012,2,12,14,19
2012,2,13,14,43
2012,2,14,14,21
2012,2,15,14,32
2012,2,16,14,63
2012,2,17,14,40
2012,2,18,14,82
2012,3,1,14,4
2012,3,4,14,17
2012,3,6,14,16
2012,3,9,14,4
2012,3,10,14,27
2012,3,11,14,19
2012,3,12,14,55
2012,3,13,14,85
2012,3,14,14,70
2012,3,15,14,96
2012,3,16,14,119
2012,3,17,14,88
2012,3,18,14,164
2013,1,1,14,11
2013,1,3,14,17
2013,1,5,14,16
2013,1,6,14,9
2013,1,8,14,7
2013,1,9,14,16
2013,1,10,14,9
2013,1,11,14,25
2013,1,12,14,8
2013,1,13,14,33
2013,1,14,14,57
2013,1,15,14,58
2013,1,16,14,65
2013,1,17,14,78
2013,1,18,14,56
2013,2,1,14,11
2013,2,2,14,4
2013,2,3,14,13
2013,2,4,14,5
2013,2,5,14,15
2013,2,8,14,9
2013,2,11,14,2
2013,2,12,14,2
2013,2,13,14,34
2013,2,14,14,35
2013,2,15,14,31
2013,2,16,14,55
2013,2,17,14,50
2013,2,18,14,82
2013,3,2,14,4
2013,3,5,14,11
2013,3,6,14,7
2013,3,7,14,18
2013,3,10,14,20
2013,3,11,14,45
2013,3,12,14,29
2013,3,13,14,78
2013,3,14,14,88
2013,3,15,14,106
2013,3,16,14,122
2013,3,17,14,118
2013,3,18,14,140
2014,1,1,14,15
2014,1,2,14,9
2014,1,8,14,11
2014,1,9,14,4
2014,1,10,14,23
2014,1,11,14,17
2014,1,12,14,5
2014,1,13,14,16
2014,1,14,14,62
2014,1,15,14,80
2014,1,16,14,53
2014,1,17,14,66
2014,1,18,14,58
2014,2,1,14,9
2014,2,2,14,4
2014,2,5,14,9
2014,2,6,14,2
2014,2,7,14,16
2014,2,9,14,7
2014,2,10,14,11
2014,2,11,14,18
2014,2,13,14,35
2014,2,14,14,31
2014,2,15,14,36
2014,2,16,14,30
2014,2,17,14,59
2014,2,18,14,102
2014,3,1,14,15
2014,3,2,14,7
2014,3,3,14,12
2014,3,4,14,6
2014,3,5,14,15
2014,3,7,14,21
2014,3,8,14,14
2014,3,9,14,15
2014,3,10,14,25
2014,3,11,14,19
2014,3,12,14,20
2014,3,13,14,70
2014,3,14,14,67
2014,3,15,14,84
2014,3,16,14,111
2014,3,17,14,128
2014,3,18,14,156
2015,1,1,14,7
2015,1,2,14,14
2015,1,3,14,10
2015,1,4,14,4
2015,1,7,14,15
2015,1,8,14,2
2015,1,9,14,8
2015,1,10,14,7
2015,1,11,14,34
2015,1,12,14,25
2015,1,13,14,43
2015,1,14,14,58
2015,1,15,14,40
2015,1,16,14,37
2015,1,17,14,69
2015,1,18,14,90
2015,2,1,14,7
2015,2,2,14,6
2015,2,3,14,1
2015,2,10,14,3
2015,2,12,14,17
2015,2,13,14,34
2015,2,14,14,42
2015,2,15,14,52
2015,2,16,14,45
2015,2,17,14,31
2015,2,18,14,94
2015,3,3,14,5
2015,3,6,14,19
2015,3,7,14,5
2015,3,10,14,16
2015,3,11,14,45
2015,3,12,14,45
2015,3,13,14,76
2015,3,14,14,95
2015,3,15,14,76
2015,3,16,14,108
2015,3,17,14,118
2015,3,18,14,195
2016,1,2,14,3
2016,1,5,14,13
2016,1,7,14,3
2016,1,8,14,10
2016,1,9,14,7
2016,1,10,14,21
2016,1,11,14,18
2016,1,12,14,38
2016,1,13,14,10
2016,1,14,14,51
2016,1,15,14,59
2016,1,16,14,57
2016,1,17,14,60
2016,1,18,14,77
2016,2,1,14,17
2016,2,3,14,5
2016,2,4,14,17
2016,2,6,14,17
2016,2,9,14,6
2016,2,10,14,21
2016,2,11,14,28
2016,2,12,14,11
2016,2,13,14,47
2016,2,14,14,28
2016,2,15,14,46
2016,2,16,14,65
2016,2,17,14,63
2016,2,18,14,100
2016,3,1,14,1
2016,3,2,14,13
2016,3,3,14,15
2016,3,6,14,18
2016,3,7,14,20
2016,3,8,14,3
2016,3,9,14,27
2016,3,10,14,10
2016,3,11,14,37
2016,3,12,14,48
2016,3,13,14,61
2016,3,14,14,73
2016,3,15,14,96
2016,3,16,14,98
2016,3,17,14,119
2016,3,18,14,191
2017,1,2,14,1
2017,1,11,14,21
2017,1,12,14,25
2017,1,13,14,28
2017,1,14,14,60
2017,1,15,14,56
2017,1,16,14,72
2017,1,17,14,81
2017,1,18,14,92
2017,2,6,14,3
2017,2,8,14,4
2017,2,9,14,1
2017,2,11,14,11
2017,2,12,14,16
2017,2,13,14,36
2017,2,14,14,40
2017,2,15,14,55
2017,2,16,14,38
2017,2,17,14,50
2017,2,18,14,112
2017,3,1,14,17
2017,3,2,14,12
2017,3,4,14,16
2017,3,5,14,4
2017,3,6,14,3
2017,3,7,14,7
2017,3,8,14,4
2017,3,9,14,23
2017,3,10,14,9
2017,3,11,14,37
2017,3,12,14,57
2017,3,13,14,42
2017,3,14,14,79
2017,3,15,14,101
2017,3,16,14,101
2017,3,17,14,134
2017,3,18,14,204
2018,1,1,14,11
2018,1,3,14,6
2018,1,7,14,9
2018,1,8,14,6
2018,1,9,14,4
2018,1,10,14,18
2018,1,11,14,22
2018,1,12,14,6
2018,1,13,14,30
2018,1,14,14,57
2018,1,15,14,69
2018,1,16,14,71
2018,1,17,14,51
2018,1,18,14,63
2018,2,3,14,3
2018,2,5,14,17
2018,2,8,14,7
2018,2,10,14,25
2018,2,11,14,12
2018,2,12,14,18
2018,2,13,14,19
2018,2,14,14,32
2018,2,15,14,36
2018,2,16,14,41
2018,2,17,14,50
2018,2,18,14,117
2018,3,5,14,2
2018,3,7,14,21
2018,3,8,14,22
2018,3,9,14,11
2018,3,10,14,21
2018,3,11,14,49
2018,3,12,14,37
2018,3,13,14,66
2018,3,14,14,81
2018,3,15,14,107
2018,3,16,14,131
2018,3,17,14,113
2018,3,18,14,179
2019,1,2,14,8
2019,1,3,14,2
2019,1,4,14,7
2019,1,5,14,13
2019,1,7,14,13
2019,1,8,14,10
2019,1,9,14,18
2019,1,10,14,16
2019,1,12,14,27
2019,1,13,14,33
2019,1,14,14,57
2019,1,15,14,64
2019,1,16,14,47
2019,1,17,14,67
2019,1,18,14,77
2019,2,1,14,13
2019,2,5,14,16
2019,2,6,14,6
2019,2,10,14,15
2019,2,11,14,27
2019,2,12,14,13
2019,2,13,14,16
2019,2,14,14,30
2019,2,15,14,37
2019,2,16,14,49
2019,2,17,14,29
2019,2,18,14,115
2019,3,1,14,1
2019,3,8,14,12
2019,3,9,14,7
2019,3,10,14,9
2019,3,11,14,12
2019,3,12,14,37
2019,3,13,14,54
2019,3,14,14,71
2019,3,15,14,113
2019,3,16,14,92
2019,3,17,14,112
2019,3,18,14,225
2020,1,1,14,4
2020,1,3,14,7
2020,1,4,14,12
2020,1,7,14,1
2020,1,9,14,13
2020,1,10,14,24
2020,1,11,14,37
2020,1,12,14,12
2020,1,13,14,38
2020,1,14,14,60
2020,1,15,14,43
2020,1,16,14,56
2020,1,17,14,83
2020,1,18,14,76
2020,2,4,14,10
2020,2,5,14,2
2020,2,7,14,18
2020,2,8,14,11
2020,2,10,14,6
2020,2,11,14,7
2020,2,12,14,12
2020,2,13,14,30
2020,2,14,14,33
2020,2,15,14,32
2020,2,16,14,46
2020,2,17,14,43
2020,2,18,14,127
2020,3,3,14,17
2020,3,5,14,14
2020,3,8,14,13
2020,3,10,14,3
2020,3,11,14,24
2020,3,12,14,35
2020,3,13,14,56
2020,3,14,14,65
2020,3,15,14,92
2020,3,16,14,96
2020,3,17,14,132
2020,3,18,14,222
2021,1,1,14,2
2021,1,2,14,2
2021,1,3,14,1
2021,1,8,14,9
2021,1,9,14,9
2021,1,10,14,11
2021,1,11,14,6
2021,1,12,14,32
2021,1,13,14,9
2021,1,14,14,44
2021,1,15,14,52
2021,1,16,14,67
2021,1,17,14,51
2021,1,18,14,80
2021,2,1,14,6
2021,2,6,14,14
2021,2,9,14,22
2021,2,10,14,22
2021,2,12,14,22
2021,2,13,14,29
2021,2,14,14,34
2021,2,15,14,33
2021,2,16,14,27
2021,2,17,14,48
2021,2,18,14,140
2021,3,2,14,8
2021,3,4,14,13
2021,3,5,14,18
2021,3,6,14,13
2021,3,7,14,10
2021,3,8,14,23
2021,3,9,14,15
2021,3,10,14,34
2021,3,11,14,41
2021,3,12,14,44
2021,3,13,14,38
2021,3,14,14,72
2021,3,15,14,79
2021,3,16,14,112
2021,3,17,14,125
2021,3,18,14,220
2022,1,2,14,17
2022,1,5,14,4
2022,1,10,14,16
2022,1,11,14,25
2022,1,12,14,23
2022,1,13,14,50
2022,1,14,14,28
2022,1,15,14,49
2022,1,16,14,70
2022,1,17,14,57
2022,1,18,14,75
2022,2,1,14,12
2022,2,5,14,4
2022,2,6,14,10
2022,2,7,14,12
2022,2,9,14,23
2022,2,10,14,3
2022,2,11,14,1
2022,2,12,14,15
2022,2,13,14,12
2022,2,14,14,32
2022,2,15,14,55
2022,2,16,14,42
2022,2,17,14,72
2022,2,18,14,118
2022,3,1,14,13
2022,3,2,14,2
2022,3,3,14,14
2022,3,4,14,15
2022,3,5,14,17
2022,3,6,14,14
2022,3,9,14,18
2022,3,10,14,5
2022,3,11,14,43
2022,3,12,14,56
2022,3,13,14,63
2022,3,14,14,56
2022,3,15,14,90
2022,3,16,14,97
2022,3,17,14,135
2022,3,18,14,192
2011,1,2,23,9
2011,1,5,23,13
2011,1,8,23,3
2011,1,9,23,20
2011,1,10,23,29
2011,1,11,23,37
2011,1,12,23,67
2011,1,13,23,87
2011,1,14,23,112
2011,1,15,23,104
2011,1,16,23,134
2011,1,17,23,107
2011,1,18,23,66
2011,2,3,23,11
2011,2,4,23,1
2011,2,6,23,7
2011,2,7,23,11
2011,2,9,23,16
2011,2,10,23,14
2011,2,11,23,23
2011,2,12,23,55
2011,2,13,23,61
2011,2,14,23,45
2011,2,15,23,55
2011,2,16,23,65
2011,2,17,23,66
2011,2,18,23,71
2011,3,1,23,4
2011,3,2,23,8
2011,3,3,23,1
2011,3,6,23,10
2011,3,8,23,8
2011,3,9,23,22
2011,3,10,23,42
2011,3,11,23,45
2011,3,12,23,91
2011,3,13,23,129
2011,3,14,23,164
2011,3,15,23,185
2011,3,16,23,180
2011,3,17,23,162
2011,3,18,23,116
2012,1,1,23,8
2012,1,2,23,17
2012,1,3,23,14
2012,1,7,23,9
2012,1,10,23,20
2012,1,11,23,39
2012,1,12,23,71
2012,1,13,23,75
2012,1,14,23,114
2012,1,15,23,136
2012,1,16,23,97
2012,1,17,23,102
2012,1,18,23,76
2012,2,3,23,1
2012,2,5,23,6
2012,2,10,23,18
2012,2,11,23,14
2012,2,12,23,45
2012,2,13,23,57
2012,2,14,23,71
2012,2,15,23,62
2012,2,16,23,75
2012,2,17,23,67
2012,2,18,23,41
2012,3,1,23,15
2012,3,2,23,15
2012,3,7,23,3
2012,3,9,23,5
2012,3,10,23,12
2012,3,11,23,74
2012,3,12,23,98
2012,3,13,23,139
2012,3,14,23,210
2012,3,15,23,223
2012,3,16,23,187
2012,3,17,23,191
2012,3,18,23,134
2013,1,2,23,11
2013,1,5,23,11
2013,1,6,23,10
2013,1,8,23,1
2013,1,10,23,14
2013,1,11,23,19
2013,1,12,23,39
2013,1,13,23,76
2013,1,14,23,143
2013,1,15,23,167
2013,1,16,23,106
2013,1,17,23,106
2013,1,18,23,114
2013,2,2,23,16
2013,2,4,23,8
2013,2,6,23,5
2013,2,8,23,17
2013,2,9,23,8
2013,2,10,23,3
2013,2,11,23,16
2013,2,12,23,55
2013,2,13,23,58
2013,2,14,23,75
2013,2,15,23,55
2013,2,16,23,54
2013,2,17,23,46
2013,2,18,23,49
2013,3,5,23,11
2013,3,7,23,2
2013,3,8,23,19
2013,3,9,23,21
2013,3,10,23,18
2013,3,11,23,47
2013,3,12,23,98
2013,3,13,23,120
2013,3,14,23,230
2013,3,15,23,211
2013,3,16,23,180
2013,3,17,23,169
2013,3,18,23,174
2014,1,1,23,13
2014,1,2,23,2
2014,1,3,23,17
2014,1,6,23,11
2014,1,7,23,6
2014,1,8,23,14
2014,1,9,23,17
2014,1,11,23,42
2014,1,12,23,49
2014,1,13,23,91
2014,1,14,23,145
2014,1,15,23,140
2014,1,16,23,133
2014,1,17,23,114
2014,1,18,23,87
2014,2,3,23,4
2014,2,4,23,10
2014,2,7,23,9
2014,2,8,23,16
2014,2,9,23,8
2014,2,11,23,21
2014,2,12,23,35
2014,2,13,23,55
2014,2,14,23,67
2014,2,15,23,80
2014,2,16,23,61
2014,2,17,23,72
2014,2,18,23,57
2014,3,2,23,14
2014,3,4,23,2
2014,3,9,23,4
2014,3,10,23,21
2014,3,11,23,45
2014,3,12,23,91
2014,3,13,23,156
2014,3,14,23,217
2014,3,15,23,233
2014,3,16,23,212
2014,3,17,23,153
2014,3,18,23,150
2015,1,2,23,17
2015,1,3,23,17
2015,1,5,23,17
2015,1,6,23,4
2015,1,9,23,18
2015,1,10,23,10
2015,1,11,23,23
2015,1,12,23,70
2015,1,13,23,65
2015,1,14,23,132
2015,1,15,23,149
2015,1,16,23,117
2015,1,17,23,124
2015,1,18,23,86
2015,2,2,23,13
2015,2,3,23,8
2015,2,4,23,3
2015,2,5,23,5
2015,2,9,23,1
2015,2,11,23,14
2015,2,12,23,45
2015,2,13,23,49
2015,2,14,23,89
2015,2,15,23,95
2015,2,16,23,92
2015,2,17,23,58
2015,2,18,23,61
2015,3,1,23,2
2015,3,5,23,13
2015,3,7,23,10
2015,3,8,23,21
2015,3,9,23,21
2015,3,10,23,7
2015,3,11,23,56
2015,3,12,23,85
2015,3,13,23,133
2015,3,14,23,181
2015,3,15,23,216
2015,3,16,23,216
2015,3,17,23,173
2015,3,18,23,158
2016,1,3,23,7
2016,1,4,23,17
2016,1,6,23,9
2016,1,11,23,20
2016,1,12,23,53
2016,1,13,23,63
2016,1,14,23,127
2016,1,15,23,128
2016,1,16,23,130
2016,1,17,23,89
2016,1,18,23,138
2016,2,2,23,16
2016,2,3,23,3
2016,2,4,23,11
2016,2,5,23,13
2016,2,10,23,4
2016,2,11,23,23
2016,2,12,23,17
2016,2,13,23,53
2016,2,14,23,58
2016,2,15,23,80
2016,2,16,23,67
2016,2,17,23,61
2016,2,18,23,56
2016,3,2,23,7
2016,3,3,23,2
2016,3,5,23,15
2016,3,6,23,7
2016,3,7,23,7
2016,3,9,23,22
2016,3,10,23,25
2016,3,11,23,26
2016,3,12,23,81
2016,3,13,23,110
2016,3,14,23,200
2016,3,15,23,226
2016,3,16,23,186
2016,3,17,23,158
2016,3,18,23,213
2017,1,2,23,13
2017,1,3,23,17
2017,1,6,23,14
2017,1,8,23,14
2017,1,9,23,14
2017,1,10,23,26
2017,1,11,23,16
2017,1,12,23,59
2017,1,13,23,101
2017,1,14,23,137
2017,1,15,23,160
2017,1,16,23,132
2017,1,17,23,107
2017,1,18,23,109
2017,2,3,23,10
2017,2,6,23,7
2017,2,8,23,5
2017,2,9,23,6
2017,2,10,23,3
2017,2,11,23,13
2017,2,12,23,51
2017,2,13,23,52
2017,2,14,23,91
2017,2,15,23,79
2017,2,16,23,71
2017,2,17,23,72
2017,2,18,23,77
2017,3,2,23,2
2017,3,3,23,5
2017,3,4,23,16
2017,3,5,23,3
2017,3,6,23,15
2017,3,7,23,12
2017,3,8,23,17
2017,3,9,23,5
2017,3,10,23,39
2017,3,11,23,34
2017,3,12,23,87
2017,3,13,23,163
2017,3,14,23,217
2017,3,15,23,237
2017,3,16,23,227
2017,3,17,23,182
2017,3,18,23,159
2018,1,4,23,9
2018,1,8,23,15
2018,1,11,23,31
2018,1,12,23,48
2018,1,13,23,78
2018,1,14,23,137
2018,1,15,23,140
2018,1,16,23,120
2018,1,17,23,123
2018,1,18,23,82
2018,2,2,23,8
2018,2,3,23,2
2018,2,5,23,1
2018,2,7,23,11
2018,2,8,23,3
2018,2,10,23,3
2018,2,11,23,23
2018,2,12,23,60
2018,2,13,23,58
2018,2,14,23,90
2018,2,15,23,100
2018,2,16,23,98
2018,2,17,23,74
2018,2,18,23,74
2018,3,1,23,10
2018,3,3,23,14
2018,3,5,23,2
2018,3,6,23,17
2018,3,7,23,7
2018,3,9,23,21
2018,3,10,23,16
2018,3,11,23,33
2018,3,12,23,117
2018,3,13,23,162
2018,3,14,23,213
2018,3,15,23,239
2018,3,16,23,221
2018,3,17,23,177
2018,3,18,23,175
2019,1,1,23,1
2019,1,2,23,13
2019,1,3,23,12
2019,1,7,23,18
2019,1,8,23,17
2019,1,9,23,5
2019,1,10,23,13
2019,1,11,23,31
2019,1,12,23,34
2019,1,13,23,105
2019,1,14,23,108
2019,1,15,23,164
2019,1,16,23,106
2019,1,17,23,98
2019,1,18,23,109
2019,2,3,23,2
2019,2,5,23,2
2019,2,6,23,10
2019,2,7,23,10
2019,2,8,23,9
2019,2,9,23,13
2019,2,11,23,16
2019,2,12,23,47
2019,2,13,23,53
2019,2,14,23,85
2019,2,15,23,85
2019,2,16,23,104
2019,2,17,23,78
2019,2,18,23,76
2019,3,1,23,8
2019,3,4,23,5
2019,3,5,23,12
2019,3,6,23,2
2019,3,8,23,3
2019,3,10,23,1
2019,3,11,23,43
2019,3,12,23,103
2019,3,13,23,168
2019,3,14,23,200
2019,3,15,23,248
2019,3,16,23,219
2019,3,17,23,191
2019,3,18,23,208
2020,1,1,23,8
2020,1,2,23,17
2020,1,3,23,14
2020,1,6,23,10
2020,1,7,23,9
2020,1,8,23,9
2020,1,9,23,11
2020,1,11,23,17
2020,1,12,23,56
2020,1,13,23,86
2020,1,14,23,102
2020,1,15,23,124
2020,1,16,23,144
2020,1,17,23,108
2020,1,18,23,95
2020,2,2,23,10
2020,2,5,23,5
2020,2,7,23,18
2020,2,8,23,18
2020,2,9,23,10
2020,2,10,23,12
2020,2,11,23,29
2020,2,12,23,46
2020,2,13,23,51
2020,2,14,23,77
2020,2,15,23,100
2020,2,16,23,96
2020,2,17,23,69
2020,2,18,23,93
2020,3,2,23,7
2020,3,3,23,13
2020,3,5,23,9
2020,3,7,23,16
2020,3,9,23,7
2020,3,10,23,31
2020,3,11,23,40
2020,3,12,23,84
2020,3,13,23,128
2020,3,14,23,214
2020,3,15,23,229
2020,3,16,23,245
2020,3,17,23,192
2020,3,18,23,186
2021,1,1,23,16
2021,1,3,23,9
2021,1,5,23,14
2021,1,9,23,5
2021,1,10,23,25
2021,1,11,23,1
2021,1,12,23,35
2021,1,13,23,66
2021,1,14,23,91
2021,1,15,23,153
2021,1,16,23,148
2021,1,17,23,101
2021,1,18,23,95
2021,2,1,23,15
2021,2,4,23,13
2021,2,5,23,1
2021,2,6,23,17
2021,2,7,23,10
2021,2,9,23,16
2021,2,11,23,30
2021,2,12,23,15
2021,2,13,23,58
2021,2,14,23,79
2021,2,15,23,109
2021,2,16,23,92
2021,2,17,23,74
2021,2,18,23,91
2021,3,1,23,6
2021,3,8,23,6
2021,3,9,23,13
2021,3,10,23,3
2021,3,11,23,34
2021,3,12,23,88
2021,3,13,23,149
2021,3,14,23,190
2021,3,15,23,269
2021,3,16,23,248
2021,3,17,23,182
2021,3,18,23,184
2022,1,4,23,10
2022,1,5,23,17
2022,1,6,23,8
2022,1,8,23,11
2022,1,10,23,26
2022,1,11,23,14
2022,1,12,23,52
2022,1,13,23,103
2022,1,14,23,98
2022,1,15,23,149
2022,1,16,23,195
2022,1,17,23,158
2022,1,18,23,121
2022,2,6,23,16
2022,2,7,23,4
2022,2,10,23,12
2022,2,11,23,3
2022,2,12,23,31
2022,2,13,23,76
2022,2,14,23,94
2022,2,15,23,111
2022,2,16,23,107
2022,2,17,23,116
2022,2,18,23,91
2022,3,2,23,10
2022,3,3,23,3
2022,3,4,23,12
2022,3,7,23,5
2022,3,9,23,11
2022,3,10,23,28
2022,3,11,23,36
2022,3,12,23,75
2022,3,13,23,159
2022,3,14,23,184
2022,3,15,23,245
2022,3,16,23,299
2022,3,17,23,257
2022,3,18,23,188
2011,1,1,27,11
2011,1,2,27,15
2011,1,4,27,2
2011,1,6,27,3
2011,1,8,27,8
2011,1,10,27,18
2011,1,11,27,21
2011,1,12,27,10
2011,1,13,27,32
2011,1,14,27,29
2011,1,15,27,40
2011,1,16,27,1
2011,1,17,27,40
2011,1,18,27,30
2011,2,1,27,5
2011,2,2,27,13
2011,2,4,27,5
2011,2,8,27,12
2011,2,9,27,11
2011,2,13,27,7
2011,2,14,27,10
2011,2,16,27,12
2011,2,17,27,18
2011,2,18,27,8
2011,3,1,27,17
2011,3,3,27,1
2011,3,5,27,15
2011,3,9,27,8
2011,3,10,27,2
2011,3,11,27,21
2011,3,12,27,4
2011,3,13,27,33
2011,3,14,27,34
2011,3,15,27,41
2011,3,16,27,36
2011,3,17,27,36
2011,3,18,27,46
2012,1,3,27,1
2012,1,4,27,14
2012,1,5,27,9
2012,1,8,27,18
2012,1,10,27,8
2012,1,13,27,1
2012,1,14,27,11
2012,1,15,27,37
2012,1,16,27,43
2012,1,17,27,23
2012,1,18,27,42
2012,2,1,27,1
2012,2,7,27,14
2012,2,8,27,9
2012,2,9,27,1
2012,2,10,27,19
2012,2,11,27,18
2012,2,13,27,4
2012,2,14,27,14
2012,2,16,27,15
2012,2,17,27,21
2012,2,18,27,30
2012,3,2,27,11
2012,3,3,27,4
2012,3,4,27,5
2012,3,6,27,18
2012,3,8,27,7
2012,3,9,27,7
2012,3,10,27,2
2012,3,11,27,24
2012,3,12,27,6
2012,3,13,27,32
2012,3,14,27,31
2012,3,15,27,39
2012,3,16,27,28
2012,3,17,27,31
2012,3,18,27,33
2013,1,2,27,7
2013,1,3,27,17
2013,1,7,27,12
2013,1,8,27,11
2013,1,10,27,14
2013,1,12,27,30
2013,1,13,27,28
2013,1,14,27,17
2013,1,15,27,43
2013,1,16,27,41
2013,1,17,27,46
2013,1,18,27,30
2013,2,2,27,8
2013,2,3,27,7
2013,2,4,27,7
2013,2,5,27,10
2013,2,7,27,15
2013,2,9,27,13
2013,2,10,27,5
2013,2,11,27,14
2013,2,13,27,24
2013,2,14,27,4
2013,2,15,27,9
2013,2,17,27,10
2013,2,18,27,29
2013,3,1,27,4
2013,3,2,27,16
2013,3,3,27,13
2013,3,5,27,9
2013,3,6,27,17
2013,3,7,27,14
2013,3,10,27,11
2013,3,11,27,25
2013,3,12,27,26
2013,3,13,27,43
2013,3,14,27,49
2013,3,15,27,51
2013,3,16,27,49
2013,3,17,27,33
2013,3,18,27,56
2014,1,1,27,5
2014,1,2,27,16
2014,1,4,27,7
2014,1,5,27,8
2014,1,8,27,14
2014,1,9,27,9
2014,1,11,27,5
2014,1,12,27,24
2014,1,13,27,18
2014,1,14,27,8
2014,1,15,27,13
2014,1,16,27,25
2014,1,17,27,50
2014,1,18,27,33
2014,2,1,27,8
2014,2,3,27,12
2014,2,7,27,14
2014,2,8,27,9
2014,2,9,27,9
2014,2,10,27,5
2014,2,11,27,4
2014,2,14,27,4
2014,2,15,27,22
2014,2,17,27,12
2014,2,18,27,20
2014,3,1,27,17
2014,3,2,27,16
2014,3,3,27,17
2014,3,4,27,12
2014,3,6,27,10
2014,3,7,27,13
2014,3,8,27,16
2014,3,9,27,21
2014,3,10,27,18
2014,3,11,27,1
2014,3,12,27,37
2014,3,13,27,29
2014,3,14,27,30
2014,3,15,27,36
2014,3,16,27,15
2014,3,17,27,47
2014,3,18,27,47
2015,1,1,27,4
2015,1,2,27,10
2015,1,4,27,5
2015,1,8,27,14
2015,1,9,27,1
2015,1,10,27,21
2015,1,11,27,5
2015,1,14,27,24
2015,1,15,27,9
2015,1,16,27,31
2015,1,17,27,33
2015,1,18,27,29
2015,2,4,27,15
2015,2,10,27,16
2015,2,11,27,12
2015,2,12,27,10
2015,2,13,27,24
2015,2,14,27,2
2015,2,15,27,20
2015,2,16,27,4
2015,2,18,27,32
2015,3,2,27,12
2015,3,3,27,1
2015,3,5,27,14
2015,3,6,27,6
2015,3,8,27,2
2015,3,10,27,24
2015,3,11,27,5
2015,3,12,27,26
2015,3,13,27,7
2015,3,14,27,39
2015,3,15,27,31
2015,3,16,27,36
2015,3,17,27,41
2015,3,18,27,42
2016,1,1,27,12
2016,1,3,27,9
2016,1,6,27,8
2016,1,7,27,17
2016,1,8,27,11
2016,1,9,27,17
2016,1,11,27,14
2016,1,13,27,9
2016,1,14,27,15
2016,1,15,27,19
2016,1,16,27,17
2016,1,17,27,8
2016,1,18,27,39
2016,2,3,27,1
2016,2,4,27,15
2016,2,8,27,1
2016,2,11,27,11
2016,2,13,27,9
2016,2,15,27,12
2016,2,16,27,11
2016,2,18,27,18
2016,3,3,27,14
2016,3,5,27,4
2016,3,8,27,11
2016,3,9,27,1
2016,3,10,27,21
2016,3,11,27,7
2016,3,12,27,12
2016,3,13,27,8
2016,3,14,27,45
2016,3,15,27,18
2016,3,16,27,39
2016,3,17,27,10
2016,3,18,27,48
2017,1,1,27,17
2017,1,2,27,3
2017,1,4,27,6
2017,1,7,27,16
2017,1,8,27,3
2017,1,13,27,17
2017,1,14,27,29
2017,1,15,27,20
2017,1,16,27,8
2017,1,17,27,20
2017,1,18,27,33
2017,2,1,27,6
2017,2,3,27,6
2017,2,4,27,5
2017,2,9,27,11
2017,2,10,27,1
2017,2,11,27,13
2017,2,12,27,10
2017,2,14,27,10
2017,2,15,27,10
2017,2,17,27,5
2017,2,18,27,17
2017,3,4,27,14
2017,3,9,27,7
2017,3,10,27,20
2017,3,11,27,26
2017,3,12,27,2
2017,3,13,27,39
2017,3,14,27,38
2017,3,15,27,16
2017,3,16,27,36
2017,3,17,27,45
2017,3,18,27,75
2018,1,3,27,6
2018,1,5,27,7
2018,1,7,27,15
2018,1,9,27,3
2018,1,10,27,13
2018,1,12,27,26
2018,1,14,27,24
2018,1,15,27,22
2018,1,16,27,12
2018,1,17,27,10
2018,1,18,27,32
2018,2,4,27,12
2018,2,6,27,9
2018,2,7,27,15
2018,2,8,27,19
2018,2,10,27,18
2018,2,11,27,6
2018,2,12,27,5
2018,2,14,27,16
2018,2,15,27,12
2018,2,16,27,1
2018,2,17,27,12
2018,2,18,27,12
2018,3,1,27,14
2018,3,2,27,8
2018,3,3,27,3
2018,3,6,27,11
2018,3,7,27,12
2018,3,8,27,17
2018,3,9,27,20
2018,3,10,27,22
2018,3,11,27,27
2018,3,12,27,26
2018,3,13,27,13
2018,3,14,27,30
2018,3,15,27,26
2018,3,16,27,22
2018,3,17,27,15
2018,3,18,27,59
2019,1,2,27,11
2019,1,3,27,16
2019,1,9,27,7
2019,1,10,27,10
2019,1,11,27,17
2019,1,12,27,17
2019,1,13,27,17
2019,1,14,27,1
2019,1,15,27,40
2019,1,16,27,27
2019,1,17,27,12
2019,1,18,27,42
2019,2,2,27,3
2019,2,3,27,12
2019,2,4,27,15
2019,2,6,27,4
2019,2,10,27,20
2019,2,13,27,22
2019,2,14,27,2
2019,2,15,27,13
2019,2,16,27,14
2019,2,17,27,15
2019,2,18,27,5
2019,3,6,27,1
2019,3,9,27,20
2019,3,10,27,11
2019,3,11,27,10
2019,3,12,27,28
2019,3,13,27,14
2019,3,14,27,5
2019,3,15,27,46
2019,3,16,27,44
2019,3,17,27,11
2019,3,18,27,43
2020,1,2,27,2
2020,1,3,27,9
2020,1,4,27,5
2020,1,8,27,19
2020,1,9,27,14
2020,1,10,27,2
2020,1,12,27,24
2020,1,13,27,7
2020,1,14,27,10
2020,1,15,27,22
2020,1,16,27,11
2020,1,17,27,12
2020,1,18,27,34
2020,2,1,27,13
2020,2,11,27,13
2020,2,12,27,6
2020,2,13,27,11
2020,2,14,27,15
2020,2,15,27,25
2020,2,16,27,13
2020,2,17,27,32
2020,2,18,27,21
2020,3,1,27,15
2020,3,5,27,1
2020,3,6,27,7
2020,3,8,27,4
2020,3,11,27,3
2020,3,12,27,20
2020,3,13,27,24
2020,3,14,27,42
2020,3,15,27,33
2020,3,16,27,44
2020,3,17,27,38
2020,3,18,27,51
2021,1,1,27,17
2021,1,3,27,16
2021,1,4,27,4
2021,1,5,27,12
2021,1,6,27,7
2021,1,7,27,5
2021,1,10,27,19
2021,1,11,27,21
2021,1,12,27,8
2021,1,13,27,5
2021,1,14,27,11
2021,1,15,27,16
2021,1,16,27,36
2021,1,17,27,16
2021,1,18,27,25
2021,2,1,27,4
2021,2,4,27,16
2021,2,5,27,10
2021,2,6,27,1
2021,2,7,27,17
2021,2,9,27,13
2021,2,11,27,13
2021,2,13,27,15
2021,2,15,27,21
2021,2,17,27,11
2021,2,18,27,13
2021,3,2,27,4
2021,3,5,27,13
2021,3,10,27,10
2021,3,11,27,25
2021,3,12,27,7
2021,3,13,27,23
2021,3,14,27,20
2021,3,15,27,33
2021,3,16,27,38
2021,3,17,27,30
2021,3,18,27,74
2022,1,1,27,13
2022,1,3,27,13
2022,1,5,27,8
2022,1,9,27,2
2022,1,10,27,12
2022,1,11,27,14
2022,1,13,27,1
2022,1,14,27,17
2022,1,15,27,16
2022,1,16,27,30
2022,1,17,27,24
2022,1,18,27,54
2022,2,1,27,13
2022,2,3,27,16
2022,2,8,27,7
2022,2,10,27,11
2022,2,12,27,2
2022,2,13,27,10
2022,2,17,27,13
2022,2,18,27,25
2022,3,1,27,9
2022,3,2,27,13
2022,3,4,27,5
2022,3,5,27,8
2022,3,7,27,14
2022,3,10,27,11
2022,3,11,27,6
2022,3,12,27,17
2022,3,13,27,15
2022,3,14,27,21
2022,3,15,27,45
2022,3,16,27,46
2022,3,17,27,34
2022,3,18,27,82
2011,1,2,33,17
2011,1,3,33,5
2011,1,4,33,3
2011,1,5,33,16
2011,1,6,33,16
2011,1,7,33,12
2011,1,8,33,2
2011,1,9,33,17
2011,1,12,33,13
2011,1,13,33,10
2011,1,14,33,9
2011,1,16,33,3
2011,2,2,33,12
2011,2,5,33,6
2011,2,6,33,1
2011,2,7,33,9
2011,2,9,33,28
2011,2,10,33,18
2011,2,11,33,18
2011,2,12,33,21
2011,2,13,33,36
2011,2,14,33,43
2011,2,15,33,22
2011,2,16,33,37
2011,2,17,33,35
2011,2,18,33,74
2011,3,2,33,17
2011,3,3,33,6
2011,3,6,33,19
2011,3,8,33,12
2011,3,9,33,1
2011,3,10,33,32
2011,3,11,33,36
2011,3,12,33,32
2011,3,13,33,66
2011,3,14,33,22
2011,3,15,33,26
2011,3,16,33,14
2011,3,17,33,58
2011,3,18,33,80
2012,1,2,33,15
2012,1,3,33,3
2012,1,4,33,7
2012,1,5,33,3
2012,1,6,33,2
2012,1,9,33,9
2012,1,12,33,7
2012,1,13,33,3
2012,1,14,33,18
2012,1,16,33,16
2012,1,18,33,10
2012,2,2,33,10
2012,2,5,33,12
2012,2,7,33,1
2012,2,8,33,13
2012,2,10,33,18
2012,2,11,33,32
2012,2,12,33,34
2012,2,13,33,34
2012,2,14,33,40
2012,2,15,33,54
2012,2,16,33,20
2012,2,17,33,42
2012,2,18,33,38
2012,3,1,33,9
2012,3,3,33,7
2012,3,4,33,5
2012,3,5,33,17
2012,3,6,33,7
2012,3,7,33,3
2012,3,8,33,1
2012,3,9,33,11
2012,3,10,33,15
2012,3,11,33,43
2012,3,12,33,37
2012,3,13,33,50
2012,3,14,33,52
2012,3,15,33,43
2012,3,16,33,32
2012,3,17,33,48
2012,3,18,33,56
2013,1,2,33,5
2013,1,5,33,6
2013,1,6,33,17
2013,1,9,33,3
2013,1,11,33,15
2013,1,16,33,5
2013,1,17,33,14
2013,2,3,33,10
2013,2,4,33,5
2013,2,5,33,14
2013,2,7,33,7
2013,2,8,33,24
2013,2,9,33,9
2013,2,10,33,22
2013,2,11,33,38
2013,2,12,33,58
2013,2,13,33,56
2013,2,14,33,51
2013,2,15,33,37
2013,2,16,33,56
2013,2,17,33,36
2013,2,18,33,79
2013,3,3,33,13
2013,3,6,33,9
2013,3,7,33,2
2013,3,8,33,15
2013,3,10,33,15
2013,3,11,33,51
2013,3,12,33,63
2013,3,13,33,29
2013,3,14,33,57
2013,3,15,33,33
2013,3,16,33,58
2013,3,17,33,44
2013,3,18,33,74
2014,1,1,33,10
2014,1,3,33,8
2014,1,6,33,6
2014,1,7,33,2
2014,1,9,33,7
2014,1,10,33,17
2014,1,15,33,15
2014,1,16,33,15
2014,1,18,33,6
2014,2,1,33,15
2014,2,6,33,3
2014,2,10,33,39
2014,2,11,33,27
2014,2,12,33,46
2014,2,13,33,29
2014,2,14,33,51
2014,2,15,33,40
2014,2,16,33,33
2014,2,17,33,57
2014,2,18,33,55
2014,3,3,33,1
2014,3,4,33,6
2014,3,6,33,6
2014,3,10,33,8
2014,3,11,33,30
2014,3,12,33,20
2014,3,13,33,51
2014,3,14,33,38
2014,3,15,33,65
2014,3,16,33,27
2014,3,17,33,43
2014,3,18,33,66
2015,1,1,33,17
2015,1,3,33,16
2015,1,5,33,3
2015,1,7,33,14
2015,1,8,33,7
2015,1,9,33,16
2015,1,11,33,11
2015,1,12,33,4
2015,1,15,33,16
2015,1,16,33,4
2015,1,18,33,3
2015,2,1,33,14
2015,2,2,33,4
2015,2,4,33,12
2015,2,7,33,20
2015,2,8,33,2
2015,2,9,33,5
2015,2,10,33,6
2015,2,11,33,40
2015,2,12,33,41
2015,2,13,33,31
2015,2,14,33,38
2015,2,15,33,35
2015,2,16,33,57
2015,2,17,33,23
2015,2,18,33,64
2015,3,1,33,7
2015,3,2,33,3
2015,3,4,33,13
2015,3,5,33,8
2015,3,7,33,14
2015,3,8,33,5
2015,3,9,33,27
2015,3,10,33,32
2015,3,11,33,20
2015,3,12,33,31
2015,3,13,33,53
2015,3,14,33,70
2015,3,15,33,28
2015,3,16,33,39
2015,3,17,33,54
2015,3,18,33,69
2016,1,1,33,3
2016,1,2,33,2
2016,1,3,33,16
2016,1,4,33,6
2016,1,5,33,3
2016,1,6,33,1
2016,1,10,33,3
2016,1,11,33,10
2016,1,12,33,16
2016,1,13,33,15
2016,1,15,33,1
2016,1,16,33,4
2016,1,18,33,17
2016,2,1,33,14
2016,2,9,33,16
2016,2,10,33,28
2016,2,11,33,39
2016,2,12,33,39
2016,2,13,33,57
2016,2,14,33,56
2016,2,15,33,61
2016,2,16,33,44
2016,2,17,33,37
2016,2,18,33,73
2016,3,1,33,10
2016,3,3,33,17
2016,3,5,33,9
2016,3,8,33,4
2016,3,9,33,10
2016,3,10,33,21
2016,3,11,33,44
2016,3,12,33,37
2016,3,13,33,40
2016,3,14,33,49
2016,3,15,33,47
2016,3,16,33,26
2016,3,17,33,36
2016,3,18,33,73
2017,1,1,33,9
2017,1,5,33,3
2017,1,7,33,6
2017,1,8,33,12
2017,1,10,33,2
2017,1,12,33,7
2017,1,13,33,14
2017,1,17,33,17
2017,1,18,33,19
2017,2,2,33,11
2017,2,3,33,17
2017,2,7,33,2
2017,2,8,33,23
2017,2,9,33,21
2017,2,10,33,34
2017,2,11,33,16
2017,2,12,33,36
2017,2,13,33,29
2017,2,14,33,53
2017,2,15,33,34
2017,2,16,33,42
2017,2,17,33,53
2017,2,18,33,68
2017,3,1,33,1
2017,3,2,33,8
2017,3,3,33,11
2017,3,5,33,5
2017,3,8,33,7
2017,3,9,33,30
2017,3,10,33,10
2017,3,11,33,41
2017,3,12,33,30
2017,3,13,33,38
2017,3,14,33,37
2017,3,15,33,49
2017,3,16,33,49
2017,3,17,33,26
2017,3,18,33,48
2018,1,1,33,14
2018,1,4,33,7
2018,1,5,33,15
2018,1,9,33,3
2018,1,10,33,16
2018,1,12,33,16
2018,1,14,33,8
2018,1,16,33,9
2018,1,17,33,14
2018,2,3,33,1
2018,2,5,33,7
2018,2,6,33,15
2018,2,7,33,3
2018,2,8,33,8
2018,2,9,33,10
2018,2,10,33,10
2018,2,11,33,24
2018,2,12,33,27
2018,2,13,33,34
2018,2,14,33,40
2018,2,15,33,72
2018,2,16,33,65
2018,2,17,33,23
2018,2,18,33,84
2018,3,3,33,1
2018,3,5,33,14
2018,3,6,33,13
2018,3,7,33,4
2018,3,8,33,7
2018,3,10,33,36
2018,3,11,33,47
2018,3,12,33,43
2018,3,13,33,52
2018,3,14,33,67
2018,3,15,33,61
2018,3,16,33,45
2018,3,17,33,24
2018,3,18,33,85
2019,1,2,33,1
2019,1,4,33,4
2019,1,6,33,13
2019,1,10,33,2
2019,1,11,33,5
2019,1,13,33,4
2019,1,15,33,3
2019,1,18,33,17
2019,2,1,33,11
2019,2,2,33,8
2019,2,5,33,6
2019,2,6,33,12
2019,2,9,33,31
2019,2,10,33,27
2019,2,11,33,43
2019,2,12,33,38
2019,2,13,33,50
2019,2,14,33,41
2019,2,15,33,57
2019,2,16,33,64
2019,2,17,33,60
2019,2,18,33,93
2019,3,1,33,13
2019,3,3,33,6
2019,3,5,33,1
2019,3,6,33,6
2019,3,9,33,4
2019,3,10,33,47
2019,3,11,33,21
2019,3,12,33,57
2019,3,13,33,52
2019,3,14,33,41
2019,3,15,33,57
2019,3,16,33,42
2019,3,17,33,53
2019,3,18,33,74
2020,1,1,33,6
2020,1,4,33,14
2020,1,5,33,4
2020,1,6,33,1
2020,1,8,33,12
2020,1,9,33,4
2020,1,11,33,5
2020,1,13,33,10
2020,1,14,33,12
2020,1,16,33,16
2020,1,18,33,14
2020,2,1,33,9
2020,2,2,33,15
2020,2,7,33,11
2020,2,9,33,18
2020,2,10,33,35
2020,2,11,33,38
2020,2,12,33,27
2020,2,13,33,45
2020,2,14,33,31
2020,2,15,33,62
2020,2,16,33,39
2020,2,17,33,41
2020,2,18,33,76
2020,3,2,33,13
2020,3,3,33,14
2020,3,4,33,17
2020,3,5,33,7
2020,3,7,33,15
2020,3,8,33,22
2020,3,9,33,15
2020,3,10,33,27
2020,3,11,33,23
2020,3,12,33,41
2020,3,13,33,30
2020,3,14,33,63
2020,3,15,33,56
2020,3,16,33,57
2020,3,17,33,49
2020,3,18,33,91
2021,1,1,33,2
2021,1,3,33,1
2021,1,6,33,3
2021,1,7,33,6
2021,1,8,33,9
2021,1,9,33,1
2021,1,10,33,16
2021,1,11,33,11
2021,1,14,33,5
2021,1,15,33,5
2021,1,16,33,14
2021,1,17,33,16
2021,1,18,33,7
2021,2,1,33,2
2021,2,3,33,2
2021,2,4,33,17
2021,2,5,33,1
2021,2,7,33,1
2021,2,8,33,20
2021,2,10,33,29
2021,2,11,33,11
2021,2,12,33,42
2021,2,13,33,42
2021,2,14,33,59
2021,2,15,33,70
2021,2,16,33,42
2021,2,17,33,47
2021,2,18,33,71
2021,3,2,33,15
2021,3,5,33,14
2021,3,6,33,2
2021,3,7,33,15
2021,3,8,33,8
2021,3,10,33,32
2021,3,11,33,32
2021,3,12,33,45
2021,3,13,33,51
2021,3,14,33,45
2021,3,15,33,49
2021,3,16,33,42
2021,3,17,33,50
2021,3,18,33,75
2022,1,2,33,5
2022,1,5,33,13
2022,1,14,33,12
2022,1,15,33,9
2022,1,16,33,16
2022,2,1,33,16
2022,2,2,33,9
2022,2,6,33,5
2022,2,9,33,27
2022,2,10,33,26
2022,2,11,33,30
2022,2,12,33,29
2022,2,13,33,42
2022,2,14,33,48
2022,2,15,33,32
2022,2,16,33,50
2022,2,17,33,38
2022,2,18,33,89
2022,3,1,33,2
2022,3,2,33,15
2022,3,4,33,13
2022,3,6,33,11
2022,3,7,33,17
2022,3,8,33,12
2022,3,9,33,3
2022,3,10,33,33
2022,3,11,33,35
2022,3,12,33,47
2022,3,13,33,38
2022,3,14,33,52
2022,3,15,33,59
2022,3,16,33,50
2022,3,17,33,55
2022,3,18,33,84
2011,1,1,39,15
2011,1,4,39,17
2011,1,8,39,1
2011,1,13,39,16
2011,1,14,39,33
2011,1,15,39,61
2011,1,16,39,88
2011,1,17,39,93
2011,1,18,39,119
2011,2,1,39,14
2011,2,4,39,12
2011,2,6,39,13
2011,2,10,39,5
2011,2,11,39,13
2011,2,14,39,3
2011,3,1,39,14
2011,3,2,39,8
2011,3,3,39,3
2011,3,4,39,12
2011,3,8,39,8
2011,3,10,39,5
2011,3,11,39,20
2011,3,13,39,16
2011,3,14,39,58
2011,3,15,39,54
2011,3,16,39,96
2011,3,17,39,119
2011,3,18,39,138
2012,1,1,39,6
2012,1,3,39,4
2012,1,4,39,17
2012,1,5,39,9
2012,1,7,39,4
2012,1,8,39,5
2012,1,9,39,2
2012,1,12,39,19
2012,1,13,39,14
2012,1,14,39,47
2012,1,15,39,74
2012,1,16,39,68
2012,1,17,39,101
2012,1,18,39,155
2012,2,4,39,11
2012,2,5,39,14
2012,2,6,39,5
2012,2,9,39,7
2012,2,12,39,14
2012,2,13,39,3
2012,2,14,39,3
2012,2,15,39,17
2012,2,16,39,10
2012,2,18,39,16
2012,3,2,39,16
2012,3,4,39,17
2012,3,5,39,9
2012,3,9,39,9
2012,3,11,39,16
2012,3,13,39,29
2012,3,14,39,54
2012,3,15,39,62
2012,3,16,39,84
2012,3,17,39,114
2012,3,18,39,138
2013,1,1,39,17
2013,1,2,39,4
2013,1,5,39,5
2013,1,7,39,1
2013,1,9,39,4
2013,1,10,39,5
2013,1,12,39,19
2013,1,13,39,34
2013,1,14,39,32
2013,1,15,39,43
2013,1,16,39,63
2013,1,17,39,109
2013,1,18,39,159
2013,2,1,39,1
2013,2,2,39,12
2013,2,3,39,4
2013,2,9,39,11
2013,2,11,39,1
2013,2,12,39,3
2013,2,13,39,8
2013,2,17,39,16
2013,2,18,39,15
2013,3,4,39,1
2013,3,7,39,16
2013,3,10,39,14
2013,3,12,39,10
2013,3,13,39,23
2013,3,14,39,42
2013,3,15,39,64
2013,3,16,39,55
2013,3,17,39,97
2013,3,18,39,179
2014,1,1,39,7
2014,1,3,39,13
2014,1,5,39,12
2014,1,9,39,17
2014,1,10,39,13
2014,1,11,39,2
2014,1,13,39,1
2014,1,14,39,38
2014,1,15,39,44
2014,1,16,39,56
2014,1,17,39,90
2014,1,18,39,157
2014,2,2,39,16
2014,2,4,39,9
2014,2,5,39,8
2014,2,6,39,5
2014,2,7,39,7
2014,3,3,39,2
2014,3,8,39,12
2014,3,10,39,1
2014,3,11,39,14
2014,3,12,39,20
2014,3,13,39,15
2014,3,14,39,29
2014,3,15,39,53
2014,3,16,39,72
2014,3,17,39,90
2014,3,18,39,154
2015,1,2,39,17
2015,1,4,39,10
2015,1,5,39,1
2015,1,6,39,12
2015,1,7,39,12
2015,1,8,39,1
2015,1,9,39,13
2015,1,10,39,3
2015,1,11,39,15
2015,1,13,39,21
2015,1,14,39,35
2015,1,15,39,50
2015,1,16,39,64
2015,1,17,39,71
2015,1,18,39,150
2015,2,2,39,15
2015,2,3,39,2
2015,2,5,39,4
2015,2,6,39,1
2015,2,7,39,16
2015,2,11,39,4
2015,2,18,39,15
2015,3,4,39,5
2015,3,7,39,3
2015,3,8,39,7
2015,3,9,39,14
2015,3,10,39,11
2015,3,11,39,20
2015,3,12,39,17
2015,3,13,39,31
2015,3,14,39,57
2015,3,15,39,67
2015,3,16,39,62
2015,3,17,39,74
2015,3,18,39,147
2016,1,1,39,3
2016,1,2,39,13
2016,1,3,39,11
2016,1,4,39,5
2016,1,5,39,7
2016,1,6,39,7
2016,1,7,39,5
2016,1,12,39,6
2016,1,13,39,13
2016,1,14,39,50
2016,1,15,39,76
2016,1,16,39,66
2016,1,17,39,83
2016,1,18,39,153
2016,2,1,39,7
2016,2,3,39,6
2016,2,4,39,13
2016,2,5,39,8
2016,2,6,39,2
2016,2,7,39,16
2016,2,8,39,11
2016,2,9,39,13
2016,2,10,39,5
2016,2,12,39,12
2016,2,13,39,9
2016,2,14,39,1
2016,2,15,39,6
2016,2,16,39,9
2016,2,18,39,16
2016,3,1,39,17
2016,3,2,39,8
2016,3,3,39,6
2016,3,5,39,11
2016,3,8,39,11
2016,3,12,39,20
2016,3,13,39,22
2016,3,14,39,54
2016,3,15,39,62
2016,3,16,39,80
2016,3,17,39,100
2016,3,18,39,171
2017,1,1,39,14
2017,1,4,39,16
2017,1,6,39,1
2017,1,7,39,4
2017,1,9,39,13
2017,1,10,39,16
2017,1,11,39,18
2017,1,12,39,11
2017,1,13,39,29
2017,1,14,39,48
2017,1,15,39,77
2017,1,16,39,58
2017,1,17,39,113
2017,1,18,39,146
2017,2,1,39,4
2017,2,6,39,7
2017,2,7,39,10
2017,2,15,39,8
2017,2,16,39,9
2017,2,17,39,11
2017,3,3,39,1
2017,3,6,39,17
2017,3,11,39,5
2017,3,12,39,9
2017,3,13,39,22
2017,3,14,39,33
2017,3,15,39,48
2017,3,16,39,66
2017,3,17,39,88
2017,3,18,39,152
2018,1,1,39,3
2018,1,2,39,9
2018,1,3,39,7
2018,1,6,39,12
2018,1,7,39,3
2018,1,8,39,2
2018,1,10,39,10
2018,1,12,39,15
2018,1,13,39,31
2018,1,14,39,36
2018,1,15,39,47
2018,1,16,39,83
2018,1,17,39,105
2018,1,18,39,165
2018,2,1,39,3
2018,2,3,39,4
2018,2,4,39,13
2018,2,5,39,10
2018,2,6,39,2
2018,2,8,39,15
2018,2,9,39,17
2018,2,10,39,4
2018,2,12,39,15
2018,2,13,39,9
2018,2,15,39,6
2018,2,16,39,3
2018,2,18,39,8
2018,3,2,39,17
2018,3,3,39,5
2018,3,5,39,13
2018,3,6,39,14
2018,3,9,39,1
2018,3,10,39,16
2018,3,12,39,21
2018,3,13,39,19
2018,3,14,39,42
2018,3,15,39,51
2018,3,16,39,74
2018,3,17,39,88
2018,3,18,39,193
2019,1,2,39,9
2019,1,4,39,5
2019,1,5,39,15
2019,1,6,39,8
2019,1,8,39,10
2019,1,10,39,8
2019,1,12,39,5
2019,1,13,39,23
2019,1,14,39,65
2019,1,15,39,42
2019,1,16,39,101
2019,1,17,39,87
2019,1,18,39,169
2019,2,1,39,2
2019,2,2,39,11
2019,2,3,39,5
2019,2,4,39,17
2019,2,5,39,2
2019,2,7,39,3
2019,2,8,39,16
2019,2,10,39,4
2019,2,11,39,13
2019,2,12,39,10
2019,2,13,39,16
2019,2,16,39,16
2019,2,18,39,14
2019,3,1,39,7
2019,3,4,39,14
2019,3,5,39,2
2019,3,8,39,13
2019,3,10,39,11
2019,3,12,39,9
2019,3,13,39,29
2019,3,14,39,30
2019,3,15,39,66
2019,3,16,39,90
2019,3,17,39,104
2019,3,18,39,174
2020,1,1,39,3
2020,1,2,39,12
2020,1,3,39,10
2020,1,6,39,1
2020,1,8,39,12
2020,1,10,39,1
2020,1,12,39,12
2020,1,13,39,9
2020,1,14,39,36
2020,1,15,39,93
2020,1,16,39,87
2020,1,17,39,117
2020,1,18,39,181
2020,2,1,39,6
2020,2,2,39,15
2020,2,3,39,15
2020,2,4,39,9
2020,2,5,39,11
2020,2,6,39,14
2020,2,8,39,2
2020,2,10,39,14
2020,2,11,39,7
2020,2,12,39,4
2020,2,14,39,4
2020,2,17,39,12
2020,3,2,39,14
2020,3,3,39,11
2020,3,4,39,11
2020,3,5,39,3
2020,3,6,39,4
2020,3,7,39,14
2020,3,11,39,18
2020,3,13,39,23
2020,3,14,39,36
2020,3,15,39,84
2020,3,16,39,102
2020,3,17,39,125
2020,3,18,39,196
2021,1,4,39,3
2021,1,5,39,5
2021,1,6,39,12
2021,1,9,39,6
2021,1,10,39,6
2021,1,13,39,30
2021,1,14,39,24
2021,1,15,39,72
2021,1,16,39,104
2021,1,17,39,125
2021,1,18,39,195
2021,2,2,39,12
2021,2,3,39,15
2021,2,8,39,10
2021,2,11,39,1
2021,2,12,39,7
2021,2,13,39,4
2021,2,14,39,10
2021,2,15,39,11
2021,2,17,39,15
2021,2,18,39,3
2021,3,1,39,7
2021,3,2,39,5
2021,3,4,39,7
2021,3,5,39,9
2021,3,7,39,5
2021,3,8,39,1
2021,3,9,39,6
2021,3,11,39,10
2021,3,12,39,19
2021,3,13,39,12
2021,3,14,39,42
2021,3,15,39,67
2021,3,16,39,106
2021,3,17,39,108
2021,3,18,39,197
2022,1,1,39,2
2022,1,5,39,6
2022,1,6,39,8
2022,1,9,39,5
2022,1,13,39,12
2022,1,14,39,20
2022,1,15,39,68
2022,1,16,39,73
2022,1,17,39,107
2022,1,18,39,191
2022,2,3,39,2
2022,2,4,39,12
2022,2,5,39,14
2022,2,6,39,1
2022,2,13,39,17
2022,2,15,39,17
2022,2,16,39,4
2022,2,17,39,7
2022,3,3,39,10
2022,3,12,39,9
2022,3,13,39,31
2022,3,14,39,37
2022,3,15,39,52
2022,3,16,39,79
2022,3,17,39,120
2022,3,18,39,212
2011,1,4,51,10
2011,1,5,51,12
2011,1,7,51,6
2011,1,8,51,8
2011,1,9,51,16
2011,1,10,51,19
2011,1,12,51,2
2011,1,14,51,24
2011,1,15,51,6
2011,1,16,51,13
2011,1,17,51,26
2011,2,1,51,5
2011,2,4,51,12
2011,2,5,51,8
2011,2,6,51,8
2011,2,9,51,11
2011,2,10,51,7
2011,2,12,51,17
2011,2,14,51,7
2011,2,15,51,12
2011,2,16,51,26
2011,2,17,51,3
2011,2,18,51,15
2011,3,1,51,14
2011,3,3,51,10
2011,3,4,51,9
2011,3,5,51,10
2011,3,8,51,1
2011,3,9,51,6
2011,3,12,51,6
2011,3,14,51,12
2011,3,15,51,29
2011,3,16,51,25
2011,3,17,51,44
2011,3,18,51,22
2012,1,1,51,3
2012,1,3,51,13
2012,1,4,51,1
2012,1,6,51,17
2012,1,8,51,16
2012,1,12,51,1
2012,1,13,51,25
2012,1,14,51,27
2012,1,15,51,1
2012,1,16,51,14
2012,1,17,51,6
2012,1,18,51,7
2012,2,2,51,6
2012,2,6,51,9
2012,2,7,51,6
2012,2,8,51,9
2012,2,10,51,7
2012,2,13,51,11
2012,2,14,51,15
2012,2,15,51,27
2012,2,16,51,13
2012,2,18,51,3
2012,3,1,51,3
2012,3,2,51,1
2012,3,5,51,4
2012,3,6,51,7
2012,3,9,51,18
2012,3,12,51,16
2012,3,13,51,18
2012,3,14,51,1
2012,3,15,51,29
2012,3,16,51,22
2012,3,17,51,20
2012,3,18,51,33
2013,1,5,51,4
2013,1,6,51,11
2013,1,7,51,12
2013,1,8,51,14
2013,1,9,51,11
2013,1,13,51,22
2013,1,14,51,24
2013,1,15,51,20
2013,1,16,51,28
2013,1,17,51,14
2013,1,18,51,9
2013,2,1,51,8
2013,2,2,51,10
2013,2,3,51,10
2013,2,4,51,1
2013,2,6,51,11
2013,2,7,51,4
2013,2,13,51,16
2013,2,15,51,23
2013,2,16,51,26
2013,2,17,51,18
2013,2,18,51,17
2013,3,2,51,10
2013,3,3,51,9
2013,3,6,51,18
2013,3,8,51,17
2013,3,9,51,11
2013,3,10,51,2
2013,3,11,51,4
2013,3,12,51,20
2013,3,13,51,4
2013,3,14,51,24
2013,3,15,51,32
2013,3,16,51,25
2013,3,17,51,15
2013,3,18,51,37
2014,1,1,51,14
2014,1,3,51,2
2014,1,7,51,1
2014,1,8,51,14
2014,1,9,51,6
2014,1,11,51,21
2014,1,12,51,9
2014,1,13,51,12
2014,1,14,51,17
2014,1,15,51,15
2014,1,16,51,33
2014,1,17,51,12
2014,1,18,51,30
2014,2,2,51,4
2014,2,5,51,5
2014,2,6,51,12
2014,2,7,51,5
2014,2,10,51,3
2014,2,13,51,1
2014,2,14,51,21
2014,2,15,51,22
2014,2,16,51,6
2014,2,17,51,24
2014,2,18,51,9
2014,3,1,51,10
2014,3,2,51,17
2014,3,7,51,5
2014,3,10,51,18
2014,3,11,51,14
2014,3,12,51,23
2014,3,13,51,10
2014,3,14,51,35
2014,3,15,51,22
2014,3,16,51,19
2014,3,17,51,30
2014,3,18,51,47
2015,1,1,51,5
2015,1,2,51,11
2015,1,7,51,1
2015,1,8,51,3
2015,1,11,51,17
2015,1,12,51,19
2015,1,13,51,11
2015,1,15,51,34
2015,1,16,51,21
2015,1,17,51,17
2015,1,18,51,37
2015,2,9,51,19
2015,2,11,51,6
2015,2,12,51,20
2015,2,13,51,13
2015,2,14,51,23
2015,2,15,51,2
2015,2,16,51,3
2015,2,17,51,1
2015,2,18,51,33
2015,3,1,51,14
2015,3,4,51,3
2015,3,5,51,11
2015,3,7,51,16
2015,3,8,51,18
2015,3,9,51,7
2015,3,10,51,12
2015,3,11,51,22
2015,3,13,51,31
2015,3,14,51,34
2015,3,15,51,10
2015,3,16,51,30
2015,3,17,51,38
2015,3,18,51,52
2016,1,2,51,5
2016,1,5,51,14
2016,1,6,51,1
2016,1,7,51,5
2016,1,8,51,6
2016,1,9,51,2
2016,1,11,51,9
2016,1,12,51,17
2016,1,13,51,7
2016,1,15,51,20
2016,1,16,51,27
2016,1,18,51,33
2016,2,3,51,8
2016,2,4,51,4
2016,2,6,51,5
2016,2,8,51,6
2016,2,9,51,10
2016,2,12,51,19
2016,2,14,51,23
2016,2,15,51,17
2016,2,17,51,22
2016,2,18,51,9
2016,3,2,51,6
2016,3,5,51,2
2016,3,6,51,6
2016,3,8,51,16
2016,3,10,51,12
2016,3,13,51,9
2016,3,14,51,27
2016,3,15,51,37
2016,3,16,51,39
2016,3,17,51,22
2016,3,18,51,63
2017,1,2,51,14
2017,1,3,51,4
2017,1,4,51,14
2017,1,5,51,13
2017,1,8,51,4
2017,1,11,51,10
2017,1,12,51,9
2017,1,13,51,11
2017,1,14,51,11
2017,1,15,51,23
2017,1,16,51,4
2017,1,17,51,6
2017,1,18,51,13
2017,2,2,51,16
2017,2,4,51,17
2017,2,5,51,6
2017,2,7,51,8
2017,2,10,51,11
2017,2,13,51,3
2017,2,14,51,3
2017,2,15,51,14
2017,2,16,51,28
2017,2,17,51,26
2017,2,18,51,7
2017,3,1,51,15
2017,3,5,51,14
2017,3,8,51,4
2017,3,10,51,5
2017,3,11,51,4
2017,3,14,51,27
2017,3,15,51,47
2017,3,16,51,22
2017,3,17,51,34
2017,3,18,51,39
2018,1,2,51,17
2018,1,7,51,8
2018,1,8,51,8
2018,1,9,51,12
2018,1,10,51,18
2018,1,11,51,18
2018,1,12,51,1
2018,1,13,51,23
2018,1,14,51,21
2018,1,15,51,22
2018,1,16,51,30
2018,1,17,51,18
2018,1,18,51,45
2018,2,1,51,13
2018,2,5,51,15
2018,2,7,51,12
2018,2,9,51,1
2018,2,11,51,13
2018,2,12,51,11
2018,2,13,51,1
2018,2,14,51,18
2018,2,15,51,19
2018,2,16,51,19
2018,2,17,51,6
2018,2,18,51,44
2018,3,2,51,7
2018,3,3,51,16
2018,3,5,51,16
2018,3,6,51,18
2018,3,7,51,2
2018,3,8,51,13
2018,3,9,51,3
2018,3,10,51,12
2018,3,12,51,8
2018,3,13,51,26
2018,3,14,51,9
2018,3,15,51,37
2018,3,16,51,25
2018,3,17,51,34
2018,3,18,51,56
2019,1,1,51,8
2019,1,2,51,14
2019,1,5,51,6
2019,1,6,51,1
2019,1,7,51,14
2019,1,8,51,14
2019,1,9,51,5
2019,1,10,51,4
2019,1,12,51,13
2019,1,13,51,11
2019,1,14,51,27
2019,1,15,51,5
2019,1,16,51,26
2019,1,17,51,28
2019,1,18,51,10
2019,2,1,51,10
2019,2,2,51,6
2019,2,6,51,15
2019,2,9,51,2
2019,2,11,51,9
2019,2,12,51,4
2019,2,15,51,10
2019,2,16,51,13
2019,2,17,51,25
2019,2,18,51,29
2019,3,1,51,15
2019,3,5,51,14
2019,3,6,51,6
2019,3,7,51,9
2019,3,8,51,10
2019,3,12,51,23
2019,3,13,51,21
2019,3,14,51,42
2019,3,15,51,27
2019,3,16,51,46
2019,3,17,51,52
2019,3,18,51,69
2020,1,1,51,1
2020,1,2,51,16
2020,1,3,51,6
2020,1,5,51,2
2020,1,7,51,4
2020,1,8,51,14
2020,1,10,51,7
2020,1,11,51,17
2020,1,12,51,20
2020,1,13,51,14
2020,1,16,51,16
2020,1,17,51,27
2020,1,18,51,29
2020,2,1,51,15
2020,2,2,51,7
2020,2,3,51,13
2020,2,8,51,7
2020,2,9,51,10
2020,2,10,51,13
2020,2,12,51,21
2020,2,13,51,13
2020,2,16,51,34
2020,2,17,51,18
2020,2,18,51,24
2020,3,1,51,10
2020,3,2,51,3
2020,3,7,51,15
2020,3,9,51,11
2020,3,12,51,4
2020,3,14,51,23
2020,3,15,51,25
2020,3,16,51,35
2020,3,17,51,26
2020,3,18,51,52
2021,1,1,51,15
2021,1,5,51,14
2021,1,6,51,6
2021,1,9,51,12
2021,1,13,51,2
2021,1,14,51,4
2021,1,15,51,13
2021,1,16,51,11
2021,1,17,51,21
2021,1,18,51,31
2021,2,1,51,6
2021,2,2,51,9
2021,2,4,51,14
2021,2,8,51,6
2021,2,10,51,15
2021,2,11,51,10
2021,2,12,51,6
2021,2,14,51,9
2021,2,15,51,11
2021,2,16,51,26
2021,2,17,51,29
2021,2,18,51,36
2021,3,3,51,2
2021,3,6,51,4
2021,3,7,51,9
2021,3,8,51,6
2021,3,10,51,17
2021,3,11,51,12
2021,3,13,51,15
2021,3,14,51,11
2021,3,15,51,35
2021,3,16,51,26
2021,3,17,51,28
2021,3,18,51,38
2022,1,2,51,11
2022,1,8,51,2
2022,1,10,51,13
2022,1,11,51,4
2022,1,14,51,10
2022,1,15,51,26
2022,1,16,51,18
2022,1,17,51,19
2022,1,18,51,49
2022,2,2,51,11
2022,2,4,51,2
2022,2,5,51,10
2022,2,6,51,15
2022,2,7,51,12
2022,2,11,51,2
2022,2,12,51,19
2022,2,16,51,17
2022,2,17,51,33
2022,2,18,51,47
2022,3,2,51,4
2022,3,5,51,20
2022,3,7,51,11
2022,3,10,51,1
2022,3,13,51,25
2022,3,14,51,27
2022,3,15,51,16
2022,3,16,51,50
2022,3,17,51,32
2022,3,18,51,65
2011,1,1,54,5
2011,1,2,54,14
2011,1,3,54,13
2011,1,4,54,7
2011,1,6,54,18
2011,1,9,54,11
2011,1,10,54,18
2011,1,11,54,7
2011,1,13,54,1
2011,1,14,54,11
2011,1,15,54,19
2011,1,16,54,12
2011,1,18,54,35
2011,2,3,54,15
2011,2,4,54,10
2011,2,5,54,9
2011,2,7,54,17
2011,2,9,54,13
2011,2,10,54,5
2011,2,12,54,4
2011,2,14,54,14
2011,2,15,54,14
2011,2,17,54,20
2011,2,18,54,25
2011,3,2,54,16
2011,3,4,54,5
2011,3,5,54,9
2011,3,7,54,13
2011,3,8,54,16
2011,3,11,54,5
2011,3,13,54,3
2011,3,14,54,30
2011,3,15,54,22
2011,3,16,54,35
2011,3,17,54,33
2011,3,18,54,46
2012,1,1,54,2
2012,1,6,54,9
2012,1,8,54,16
2012,1,9,54,16
2012,1,11,54,1
2012,1,12,54,11
2012,1,13,54,24
2012,1,14,54,21
2012,1,15,54,9
2012,1,16,54,20
2012,1,17,54,4
2012,1,18,54,32
2012,2,1,54,1
2012,2,2,54,14
2012,2,3,54,10
2012,2,8,54,3
2012,2,11,54,16
2012,2,16,54,22
2012,2,17,54,17
2012,2,18,54,28
2012,3,3,54,3
2012,3,4,54,11
2012,3,7,54,4
2012,3,8,54,6
2012,3,10,54,15
2012,3,13,54,11
2012,3,14,54,17
2012,3,15,54,31
2012,3,16,54,14
2012,3,17,54,15
2012,3,18,54,63
2013,1,1,54,5
2013,1,2,54,10
2013,1,3,54,15
2013,1,4,54,7
2013,1,6,54,1
2013,1,8,54,4
2013,1,9,54,11
2013,1,10,54,4
2013,1,11,54,17
2013,1,13,54,18
2013,1,14,54,23
2013,1,15,54,37
2013,1,16,54,21
2013,1,17,54,22
2013,1,18,54,36
2013,2,1,54,15
2013,2,3,54,15
2013,2,6,54,4
2013,2,8,54,15
2013,2,9,54,11
2013,2,11,54,5
2013,2,12,54,3
2013,2,13,54,23
2013,2,16,54,8
2013,2,17,54,24
2013,2,18,54,16
2013,3,1,54,18
2013,3,2,54,3
2013,3,3,54,15
2013,3,4,54,12
2013,3,5,54,10
2013,3,6,54,1
2013,3,8,54,2
2013,3,9,54,1
2013,3,10,54,10
2013,3,11,54,2
2013,3,13,54,3
2013,3,14,54,22
2013,3,15,54,49
2013,3,16,54,16
2013,3,17,54,12
2013,3,18,54,35
2014,1,7,54,19
2014,1,8,54,8
2014,1,10,54,15
2014,1,11,54,12
2014,1,12,54,12
2014,1,14,54,27
2014,1,15,54,36
2014,1,16,54,42
2014,1,17,54,34
2014,1,18,54,43
2014,2,1,54,7
2014,2,2,54,3
2014,2,3,54,4
2014,2,5,54,10
2014,2,6,54,13
2014,2,11,54,11
2014,2,12,54,11
2014,2,13,54,10
2014,2,15,54,18
2014,2,16,54,19
2014,2,17,54,28
2014,2,18,54,23
2014,3,1,54,3
2014,3,3,54,11
2014,3,5,54,9
2014,3,7,54,10
2014,3,9,54,19
2014,3,10,54,15
2014,3,12,54,10
2014,3,13,54,22
2014,3,14,54,9
2014,3,15,54,13
2014,3,16,54,49
2014,3,17,54,15
2014,3,18,54,66
2015,1,1,54,8
2015,1,4,54,1
2015,1,5,54,7
2015,1,7,54,7
2015,1,10,54,18
2015,1,11,54,1
2015,1,12,54,14
2015,1,13,54,18
2015,1,14,54,2
2015,1,15,54,1
2015,1,16,54,38
2015,1,17,54,25
2015,1,18,54,12
2015,2,1,54,11
2015,2,3,54,10
2015,2,4,54,5
2015,2,7,54,6
2015,2,9,54,10
2015,2,13,54,8
2015,2,15,54,20
2015,2,17,54,22
2015,2,18,54,26
2015,3,2,54,12
2015,3,4,54,17
2015,3,6,54,13
2015,3,7,54,6
2015,3,11,54,8
2015,3,12,54,18
2015,3,13,54,14
2015,3,14,54,34
2015,3,15,54,20
2015,3,16,54,49
2015,3,17,54,12
2015,3,18,54,59
2016,1,1,54,10
2016,1,4,54,10
2016,1,5,54,9
2016,1,6,54,17
2016,1,9,54,7
2016,1,11,54,11
2016,1,12,54,11
2016,1,13,54,15
2016,1,14,54,21
2016,1,15,54,44
2016,1,16,54,45
2016,1,17,54,24
2016,1,18,54,41
2016,2,3,54,7
2016,2,4,54,1
2016,2,9,54,1
2016,2,14,54,5
2016,2,16,54,37
2016,2,17,54,3
2016,2,18,54,32
2016,3,1,54,2
2016,3,2,54,5
2016,3,5,54,1
2016,3,6,54,18
2016,3,7,54,16
2016,3,10,54,18
2016,3,12,54,1
2016,3,13,54,27
2016,3,14,54,14
2016,3,15,54,48
2016,3,16,54,49
2016,3,17,54,24
2016,3,18,54,62
2017,1,5,54,9
2017,1,7,54,7
2017,1,8,54,7
2017,1,12,54,24
2017,1,13,54,7
2017,1,14,54,28
2017,1,15,54,12
2017,1,16,54,36
2017,1,17,54,36
2017,1,18,54,37
2017,2,2,54,11
2017,2,3,54,9
2017,2,4,54,12
2017,2,5,54,7
2017,2,8,54,15
2017,2,9,54,8
2017,2,14,54,17
2017,2,15,54,7
2017,2,16,54,18
2017,2,17,54,25
2017,2,18,54,30
2017,3,1,54,1
2017,3,2,54,11
2017,3,3,54,6
2017,3,4,54,7
2017,3,5,54,11
2017,3,8,54,15
2017,3,11,54,7
2017,3,13,54,15
2017,3,14,54,40
2017,3,15,54,45
2017,3,16,54,37
2017,3,17,54,57
2017,3,18,54,59
2018,1,5,54,12
2018,1,6,54,15
2018,1,7,54,16
2018,1,8,54,16
2018,1,9,54,15
2018,1,10,54,3
2018,1,12,54,13
2018,1,13,54,11
2018,1,14,54,11
2018,1,15,54,24
2018,1,16,54,12
2018,1,17,54,15
2018,1,18,54,43
2018,2,1,54,3
2018,2,2,54,11
2018,2,3,54,2
2018,2,4,54,17
2018,2,5,54,13
2018,2,8,54,17
2018,2,10,54,2
2018,2,12,54,16
2018,2,14,54,18
2018,2,15,54,11
2018,2,16,54,13
2018,2,17,54,16
2018,2,18,54,29
2018,3,2,54,6
2018,3,3,54,13
2018,3,5,54,9
2018,3,8,54,2
2018,3,9,54,7
2018,3,10,54,20
2018,3,12,54,27
2018,3,14,54,33
2018,3,15,54,28
2018,3,16,54,50
2018,3,17,54,58
2018,3,18,54,70
2019,1,1,54,8
2019,1,5,54,3
2019,1,7,54,1
2019,1,12,54,21
2019,1,13,54,4
2019,1,14,54,19
2019,1,15,54,16
2019,1,16,54,36
2019,1,17,54,19
2019,1,18,54,35
2019,2,3,54,5
2019,2,4,54,12
2019,2,9,54,6
2019,2,11,54,16
2019,2,12,54,11
2019,2,13,54,16
2019,2,14,54,12
2019,2,15,54,2
2019,2,17,54,2
2019,2,18,54,12
2019,3,2,54,9
2019,3,3,54,2
2019,3,4,54,17
2019,3,5,54,8
2019,3,7,54,2
2019,3,9,54,19
2019,3,10,54,9
2019,3,11,54,1
2019,3,13,54,17
2019,3,14,54,28
2019,3,15,54,44
2019,3,16,54,35
2019,3,17,54,47
2019,3,18,54,43
2020,1,1,54,1
2020,1,8,54,16
2020,1,10,54,4
2020,1,11,54,18
2020,1,12,54,2
2020,1,13,54,12
2020,1,14,54,19
2020,1,15,54,21
2020,1,16,54,44
2020,1,17,54,31
2020,1,18,54,40
2020,2,3,54,5
2020,2,4,54,12
2020,2,11,54,10
2020,2,12,54,11
2020,2,13,54,14
2020,2,14,54,22
2020,2,16,54,24
2020,2,17,54,4
2020,2,18,54,27
2020,3,2,54,1
2020,3,3,54,2
2020,3,5,54,15
2020,3,6,54,2
2020,3,9,54,9
2020,3,10,54,2
2020,3,11,54,18
2020,3,12,54,10
2020,3,13,54,16
2020,3,14,54,10
2020,3,15,54,33
2020,3,16,54,56
2020,3,17,54,43
2020,3,18,54,77
2021,1,1,54,9
2021,1,3,54,7
2021,1,4,54,6
2021,1,5,54,1
2021,1,8,54,7
2021,1,10,54,13
2021,1,13,54,3
2021,1,15,54,43
2021,1,16,54,21
2021,1,17,54,38
2021,1,18,54,40
2021,2,2,54,16
2021,2,4,54,6
2021,2,5,54,11
2021,2,8,54,12
2021,2,9,54,6
2021,2,10,54,19
2021,2,11,54,16
2021,2,12,54,19
2021,2,14,54,15
2021,2,15,54,27
2021,2,16,54,23
2021,2,17,54,12
2021,2,18,54,14
2021,3,1,54,18
2021,3,8,54,15
2021,3,9,54,14
2021,3,10,54,2
2021,3,11,54,8
2021,3,12,54,18
2021,3,13,54,29
2021,3,14,54,3
2021,3,15,54,28
2021,3,16,54,32
2021,3,17,54,61
2021,3,18,54,60
2022,1,4,54,7
2022,1,5,54,3
2022,1,6,54,11
2022,1,8,54,8
2022,1,10,54,6
2022,1,12,54,20
2022,1,14,54,15
2022,1,15,54,11
2022,1,16,54,28
2022,1,17,54,45
2022,1,18,54,44
2022,2,4,54,1
2022,2,5,54,12
2022,2,6,54,17
2022,2,7,54,18
2022,2,9,54,4
2022,2,11,54,20
2022,2,12,54,12
2022,2,13,54,15
2022,2,15,54,18
2022,2,16,54,23
2022,2,17,54,2
2022,2,18,54,28
2022,3,1,54,4
2022,3,7,54,2
2022,3,8,54,10
2022,3,10,54,14
2022,3,11,54,2
2022,3,13,54,8
2022,3,14,54,11
2022,3,15,54,27
2022,3,16,54,44
2022,3,17,54,59
2022,3,18,54,53
2011,1,1,64,11
2011,1,2,64,10
2011,1,3,64,10
2011,1,6,64,13
2011,1,7,64,2
2011,1,8,64,11
2011,1,9,64,40
2011,1,10,64,89
2011,1,11,64,134
2011,1,12,64,204
2011,1,13,64,364
2011,1,14,64,430
2011,1,15,64,473
2011,1,16,64,511
2011,1,17,64,527
2011,1,18,64,526
2011,2,1,64,17
2011,2,3,64,8
2011,2,6,64,5
2011,2,7,64,25
2011,2,8,64,33
2011,2,9,64,34
2011,2,10,64,72
2011,2,11,64,118
2011,2,12,64,189
2011,2,13,64,233
2011,2,14,64,259
2011,2,15,64,288
2011,2,16,64,290
2011,2,17,64,349
2011,2,18,64,497
2011,3,2,64,16
2011,3,3,64,19
2011,3,5,64,17
2011,3,6,64,34
2011,3,7,64,17
2011,3,8,64,50
2011,3,9,64,88
2011,3,10,64,159
2011,3,11,64,232
2011,3,12,64,381
2011,3,13,64,588
2011,3,14,64,696
2011,3,15,64,758
2011,3,16,64,824
2011,3,17,64,890
2011,3,18,64,1019
2012,1,2,64,17
2012,1,3,64,4
2012,1,6,64,14
2012,1,7,64,23
2012,1,8,64,13
2012,1,9,64,32
2012,1,10,64,58
2012,1,11,64,133
2012,1,12,64,223
2012,1,13,64,342
2012,1,14,64,461
2012,1,15,64,497
2012,1,16,64,556
2012,1,17,64,518
2012,1,18,64,578
2012,2,4,64,16
2012,2,5,64,9
2012,2,6,64,23
2012,2,7,64,14
2012,2,8,64,19
2012,2,9,64,40
2012,2,10,64,90
2012,2,11,64,122
2012,2,12,64,189
2012,2,13,64,258
2012,2,14,64,283
2012,2,15,64,310
2012,2,16,64,317
2012,2,17,64,329
2012,2,18,64,527
2012,3,3,64,20
2012,3,4,64,1
2012,3,5,64,17
2012,3,6,64,22
2012,3,7,64,29
2012,3,8,64,48
2012,3,9,64,68
2012,3,10,64,148
2012,3,11,64,264
2012,3,12,64,402
2012,3,13,64,602
2012,3,14,64,771
2012,3,15,64,805
2012,3,16,64,871
2012,3,17,64,862
2012,3,18,64,1072
2013,1,1,64,6
2013,1,2,64,3
2013,1,3,64,5
2013,1,6,64,14
2013,1,7,64,12
2013,1,8,64,11
2013,1,9,64,38
2013,1,10,64,71
2013,1,11,64,121
2013,1,12,64,217
2013,1,13,64,326
2013,1,14,64,523
2013,1,15,64,532
2013,1,16,64,527
2013,1,17,64,562
2013,1,18,64,674
2013,2,2,64,8
2013,2,3,64,5
2013,2,4,64,17
2013,2,6,64,20
2013,2,7,64,23
2013,2,8,64,26
2013,2,9,64,34
2013,2,10,64,54
2013,2,11,64,152
2013,2,12,64,177
2013,2,13,64,212
2013,2,14,64,308
2013,2,15,64,309
2013,2,16,64,326
2013,2,17,64,348
2013,2,18,64,593
2013,3,1,64,9
2013,3,4,64,16
2013,3,5,64,6
2013,3,6,64,33
2013,3,7,64,32
2013,3,8,64,39
2013,3,9,64,72
2013,3,10,64,127
2013,3,11,64,283
2013,3,12,64,402
2013,3,13,64,566
2013,3,14,64,801
2013,3,15,64,851
2013,3,16,64,841
2013,3,17,64,911
2013,3,18,64,1232
2014,1,1,64,2
2014,1,2,64,17
2014,1,4,64,12
2014,1,8,64,33
2014,1,9,64,51
2014,1,10,64,75
2014,1,11,64,162
2014,1,12,64,219
2014,1,13,64,358
2014,1,14,64,468
2014,1,15,64,548
2014,1,16,64,560
2014,1,17,64,527
2014,1,18,64,625
2014,2,2,64,1
2014,2,3,64,8
2014,2,4,64,21
2014,2,5,64,17
2014,2,6,64,24
2014,2,7,64,18
2014,2,8,64,37
2014,2,9,64,54
2014,2,10,64,70
2014,2,11,64,101
2014,2,12,64,149
2014,2,13,64,225
2014,2,14,64,310
2014,2,15,64,356
2014,2,16,64,331
2014,2,17,64,351
2014,2,18,64,571
2014,3,4,64,2
2014,3,6,64,18
2014,3,7,64,42
2014,3,8,64,47
2014,3,9,64,73
2014,3,10,64,137
2014,3,11,64,263
2014,3,12,64,374
2014,3,13,64,594
2014,3,14,64,778
2014,3,15,64,878
2014,3,16,64,887
2014,3,17,64,917
2014,3,18,64,1212
2015,1,1,64,7
2015,1,2,64,12
2015,1,4,64,16
2015,1,5,64,7
2015,1,7,64,29
2015,1,8,64,41
2015,1,9,64,28
2015,1,10,64,47
2015,1,11,64,150
2015,1,12,64,250
2015,1,13,64,309
2015,1,14,64,494
2015,1,15,64,480
2015,1,16,64,515
2015,1,17,64,515
2015,1,18,64,636
2015,2,5,64,1
2015,2,7,64,22
2015,2,8,64,28
2015,2,9,64,42
2015,2,10,64,93
2015,2,11,64,151
2015,2,12,64,161
2015,2,13,64,251
2015,2,14,64,344
2015,2,15,64,340
2015,2,16,64,366
2015,2,17,64,354
2015,2,18,64,576
2015,3,1,64,8
2015,3,2,64,6
2015,3,3,64,9
2015,3,4,64,18
2015,3,5,64,20
2015,3,6,64,7
2015,3,7,64,48
2015,3,8,64,65
2015,3,9,64,78
2015,3,10,64,140
2015,3,11,64,293
2015,3,12,64,405
2015,3,13,64,546
2015,3,14,64,828
2015,3,15,64,829
2015,3,16,64,901
2015,3,17,64,869
2015,3,18,64,1232
2016,1,1,64,20
2016,1,2,64,16
2016,1,4,64,21
2016,1,5,64,14
2016,1,6,64,7
2016,1,8,64,22
2016,1,9,64,54
2016,1,10,64,65
2016,1,11,64,128
2016,1,12,64,218
2016,1,13,64,313
2016,1,14,64,487
2016,1,15,64,559
2016,1,16,64,566
2016,1,17,64,521
2016,1,18,64,715
2016,2,5,64,5
2016,2,6,64,3
2016,2,7,64,16
2016,2,8,64,42
2016,2,9,64,26
2016,2,10,64,82
2016,2,11,64,106
2016,2,12,64,198
2016,2,13,64,250
2016,2,14,64,311
2016,2,15,64,372
2016,2,16,64,367
2016,2,17,64,341
2016,2,18,64,597
2016,3,3,64,22
2016,3,4,64,3
2016,3,6,64,21
2016,3,7,64,17
2016,3,8,64,35
2016,3,9,64,87
2016,3,10,64,140
2016,3,11,64,248
2016,3,12,64,410
2016,3,13,64,557
2016,3,14,64,811
2016,3,15,64,903
2016,3,16,64,971
2016,3,17,64,880
2016,3,18,64,1307
2017,1,1,64,11
2017,1,2,64,11
2017,1,4,64,18
2017,1,5,64,19
2017,1,7,64,5
2017,1,8,64,25
2017,1,9,64,24
2017,1,10,64,84
2017,1,11,64,133
2017,1,12,64,223
2017,1,13,64,345
2017,1,14,64,476
2017,1,15,64,593
2017,1,16,64,612
2017,1,17,64,564
2017,1,18,64,716
2017,2,1,64,11
2017,2,2,64,15
2017,2,4,64,2
2017,2,6,64,9
2017,2,7,64,36
2017,2,8,64,21
2017,2,9,64,35
2017,2,10,64,77
2017,2,11,64,128
2017,2,12,64,164
2017,2,13,64,207
2017,2,14,64,363
2017,2,15,64,369
2017,2,16,64,382
2017,2,17,64,372
2017,2,18,64,651
2017,3,1,64,13
2017,3,2,64,8
2017,3,4,64,5
2017,3,5,64,17
2017,3,6,64,28
2017,3,7,64,23
2017,3,8,64,29
2017,3,9,64,90
2017,3,10,64,153
2017,3,11,64,228
2017,3,12,64,397
2017,3,13,64,550
2017,3,14,64,841
2017,3,15,64,965
2017,3,16,64,992
2017,3,17,64,933
2017,3,18,64,1344
2018,1,2,64,13
2018,1,3,64,9
2018,1,4,64,9
2018,1,5,64,4
2018,1,6,64,22
2018,1,7,64,23
2018,1,8,64,33
2018,1,9,64,24
2018,1,10,64,68
2018,1,11,64,135
2018,1,12,64,214
2018,1,13,64,380
2018,1,14,64,492
2018,1,15,64,635
2018,1,16,64,616
2018,1,17,64,586
2018,1,18,64,683
2018,2,3,64,5
2018,2,5,64,6
2018,2,7,64,29
2018,2,8,64,40
2018,2,9,64,58
2018,2,10,64,89
2018,2,11,64,128
2018,2,12,64,210
2018,2,13,64,233
2018,2,14,64,314
2018,2,15,64,409
2018,2,16,64,380
2018,2,17,64,392
2018,2,18,64,638
2018,3,1,64,12
2018,3,2,64,20
2018,3,4,64,6
2018,3,7,64,23
2018,3,8,64,51
2018,3,9,64,64
2018,3,10,64,155
2018,3,11,64,251
2018,3,12,64,428
2018,3,13,64,631
2018,3,14,64,796
2018,3,15,64,1046
2018,3,16,64,983
2018,3,17,64,954
2018,3,18,64,1313
2019,1,1,64,3
2019,1,5,64,19
2019,1,6,64,22
2019,1,7,64,23
2019,1,8,64,15
2019,1,9,64,25
2019,1,10,64,49
2019,1,11,64,111
2019,1,12,64,217
2019,1,13,64,376
2019,1,14,64,481
2019,1,15,64,624
2019,1,16,64,622
2019,1,17,64,558
2019,1,18,64,744
2019,2,3,64,10
2019,2,4,64,11
2019,2,6,64,5
2019,2,7,64,21
2019,2,8,64,12
2019,2,9,64,41
2019,2,10,64,88
2019,2,11,64,88
2019,2,12,64,191
2019,2,13,64,256
2019,2,14,64,325
2019,2,15,64,409
2019,2,16,64,413
2019,2,17,64,372
2019,2,18,64,657
2019,3,2,64,5
2019,3,4,64,14
2019,3,6,64,4
2019,3,7,64,38
2019,3,8,64,35
2019,3,9,64,81
2019,3,10,64,133
2019,3,11,64,221
2019,3,12,64,403
2019,3,13,64,625
2019,3,14,64,822
2019,3,15,64,1065
2019,3,16,64,1047
2019,3,17,64,960
2019,3,18,64,1395
2020,1,7,64,9
2020,1,8,64,18
2020,1,9,64,15
2020,1,10,64,67
2020,1,11,64,124
2020,1,12,64,232
2020,1,13,64,316
2020,1,14,64,472
2020,1,15,64,637
2020,1,16,64,642
2020,1,17,64,631
2020,1,18,64,715
2020,2,2,64,18
2020,2,5,64,9
2020,2,7,64,19
2020,2,8,64,24
2020,2,9,64,24
2020,2,10,64,59
2020,2,11,64,122
2020,2,12,64,182
2020,2,13,64,238
2020,2,14,64,329
2020,2,15,64,426
2020,2,16,64,419
2020,2,17,64,438
2020,2,18,64,669
2020,3,1,64,1
2020,3,2,64,16
2020,3,4,64,16
2020,3,7,64,37
2020,3,8,64,41
2020,3,9,64,83
2020,3,10,64,135
2020,3,11,64,226
2020,3,12,64,409
2020,3,13,64,571
2020,3,14,64,789
2020,3,15,64,1048
2020,3,16,64,1072
2020,3,17,64,1073
2020,3,18,64,1400
2021,1,5,64,5
2021,1,7,64,11
2021,1,8,64,5
2021,1,9,64,44
2021,1,10,64,75
2021,1,11,64,131
2021,1,12,64,233
2021,1,13,64,315
2021,1,14,64,441
2021,1,15,64,656
2021,1,16,64,660
2021,1,17,64,629
2021,1,18,64,807
2021,2,1,64,7
2021,2,3,64,11
2021,2,5,64,12
2021,2,6,64,14
2021,2,7,64,26
2021,2,8,64,41
2021,2,9,64,30
2021,2,10,64,62
2021,2,11,64,92
2021,2,12,64,159
2021,2,13,64,276
2021,2,14,64,320
2021,2,15,64,405
2021,2,16,64,426
2021,2,17,64,451
2021,2,18,64,709
2021,3,2,64,16
2021,3,3,64,18
2021,3,7,64,14
2021,3,8,64,60
2021,3,9,64,92
2021,3,10,64,121
2021,3,11,64,222
2021,3,12,64,393
2021,3,13,64,592
2021,3,14,64,772
2021,3,15,64,1073
2021,3,16,64,1083
2021,3,17,64,1033
2021,3,18,64,1496
2022,1,2,64,2
2022,1,3,64,2
2022,1,4,64,1
2022,1,7,64,3
2022,1,8,64,30
2022,1,9,64,26
2022,1,10,64,47
2022,1,11,64,113
2022,1,12,64,213
2022,1,13,64,373
2022,1,14,64,446
2022,1,15,64,574
2022,1,16,64,742
2022,1,17,64,706
2022,1,18,64,867
2022,2,1,64,16
2022,2,5,64,17
2022,2,7,64,21
2022,2,8,64,18
2022,2,9,64,53
2022,2,10,64,57
2022,2,11,64,114
2022,2,12,64,179
2022,2,13,64,263
2022,2,14,64,353
2022,2,15,64,399
2022,2,16,64,474
2022,2,17,64,454
2022,2,18,64,690
2022,3,1,64,8
2022,3,2,64,9
2022,3,3,64,8
2022,3,5,64,5
2022,3,6,64,5
2022,3,7,64,16
2022,3,8,64,43
2022,3,9,64,79
2022,3,10,64,114
2022,3,11,64,221
2022,3,12,64,400
2022,3,13,64,630
2022,3,14,64,780
2022,3,15,64,1004
2022,3,16,64,1219
2022,3,17,64,1165
2022,3,18,64,1550
